{
    "mtx": [
        [
            7554.982434082147,
            0.0,
            2728.0092183107517
        ],
        [
            0.0,
            7590.540576787047,
            1373.4532949096817
        ],
        [
            0.0,
            0.0,
            1.0
        ]
    ],
    "dist": [
        [
            -0.2979936318165181,
            9.482506003637427,
            0.0024486029983480898,
            0.012205114173208059,
            -85.8010674332922
        ]
    ],
    "rvecs": [
        [
            [
                0.17028103595367722
            ],
            [
                0.8553822254623437
            ],
            [
                -0.23892005352944348
            ]
        ],
        [
            [
                0.13399163230959857
            ],
            [
                0.3452433179128489
            ],
            [
                -0.0001332165488792568
            ]
        ],
        [
            [
                -0.054825177408167794
            ],
            [
                0.3608026725370859
            ],
            [
                0.012517126422523494
            ]
        ],
        [
            [
                0.2909046883585044
            ],
            [
                0.883273471175108
            ],
            [
                0.27787866096099273
            ]
        ],
        [
            [
                -0.03220187050501918
            ],
            [
                -0.22532696227072152
            ],
            [
                0.007485414239064724
            ]
        ],
        [
            [
                0.1544809454225858
            ],
            [
                0.6990828822421992
            ],
            [
                0.12946117114570913
            ]
        ],
        [
            [
                0.053483537358603644
            ],
            [
                -0.4382500055338231
            ],
            [
                -0.00639349270095345
            ]
        ],
        [
            [
                -0.03637075147455004
            ],
            [
                -0.7204119807606948
            ],
            [
                0.07438035649386825
            ]
        ],
        [
            [
                0.03935317649332408
            ],
            [
                -0.36022608401503364
            ],
            [
                -0.027901410198853917
            ]
        ],
        [
            [
                -0.24036574918478193
            ],
            [
                -0.3297637421627412
            ],
            [
                0.024721679001762444
            ]
        ],
        [
            [
                0.34060053753189073
            ],
            [
                -0.7610109155897167
            ],
            [
                -0.0684552432739051
            ]
        ],
        [
            [
                0.026937751503030523
            ],
            [
                0.47796767305604965
            ],
            [
                0.01984062145242916
            ]
        ],
        [
            [
                -0.003155414499797304
            ],
            [
                -0.03223600330805664
            ],
            [
                0.006864528353535163
            ]
        ],
        [
            [
                -0.06425562082489975
            ],
            [
                0.3324598593184581
            ],
            [
                -0.03591282915618529
            ]
        ],
        [
            [
                -0.4162945460197841
            ],
            [
                0.5316480366992301
            ],
            [
                -0.06546007043979869
            ]
        ],
        [
            [
                -0.19235102228369733
            ],
            [
                0.37494828746669334
            ],
            [
                0.07476006950504926
            ]
        ],
        [
            [
                0.3164613607333902
            ],
            [
                -0.5037245810378392
            ],
            [
                -0.08509662205942879
            ]
        ],
        [
            [
                0.03999444524460857
            ],
            [
                0.45794667381317156
            ],
            [
                -0.045829150805955926
            ]
        ],
        [
            [
                0.05313421956096171
            ],
            [
                0.6351353757044121
            ],
            [
                -0.017676731937799374
            ]
        ],
        [
            [
                -0.37034934860004176
            ],
            [
                0.1717255749031482
            ],
            [
                0.03779389174180289
            ]
        ],
        [
            [
                -0.3089447549849268
            ],
            [
                -0.5433455387927328
            ],
            [
                -0.013038932648115476
            ]
        ],
        [
            [
                -0.13292200461597298
            ],
            [
                0.24907593551973287
            ],
            [
                0.041609159865398974
            ]
        ],
        [
            [
                -0.01548878788112723
            ],
            [
                0.3487975974585336
            ],
            [
                -0.1714030450674419
            ]
        ],
        [
            [
                -0.35536065263344824
            ],
            [
                -0.6855135735626643
            ],
            [
                -0.10261321694752068
            ]
        ],
        [
            [
                -0.03090786344813184
            ],
            [
                0.22930777397000263
            ],
            [
                -0.11751908083337098
            ]
        ],
        [
            [
                -0.1663152370882926
            ],
            [
                -0.21509310121175346
            ],
            [
                -0.02619693089690789
            ]
        ],
        [
            [
                -0.5365479622013873
            ],
            [
                -0.17396465674030875
            ],
            [
                -0.1009004500267598
            ]
        ],
        [
            [
                0.06790701891216577
            ],
            [
                0.5230114221162402
            ],
            [
                -0.06515167991807716
            ]
        ],
        [
            [
                -0.3283740739071291
            ],
            [
                -0.013053946497756696
            ],
            [
                0.04648163284924341
            ]
        ],
        [
            [
                -0.3744766509348509
            ],
            [
                0.2630242935133305
            ],
            [
                -0.034385328935902876
            ]
        ],
        [
            [
                0.43370976147971435
            ],
            [
                0.10310606976650925
            ],
            [
                0.08950328701321934
            ]
        ],
        [
            [
                -0.00453495113310142
            ],
            [
                0.2762148801210726
            ],
            [
                -0.11294287896530901
            ]
        ],
        [
            [
                0.37431040335775473
            ],
            [
                -0.22056086471154857
            ],
            [
                0.05784860415007158
            ]
        ]
    ],