{
    "mtx": [
        [
            7554.982485153065,
            0.0,
            2728.0092335552486
        ],
        [
            0.0,
            7590.540633901626,
            1373.4533273166592
        ],
        [
            0.0,
            0.0,
            1.0
        ]
    ],
    "dist": [
        [
            -0.2979938227230409,
            9.48251238325447,
            0.002448603181092387,
            0.01220511541332205,
            -85.80111801745771
        ]
    ],
    "rvecs": [
        [
            [
                -0.3703493467562427
            ],
            [
                0.17172557134520622
            ],
            [
                0.03779389181138647
            ]
        ],
        [
            [
                0.03999444674430117
            ],
            [
                0.457946674451904
            ],
            [
                -0.04582915041228599
            ]
        ],
        [
            [
                -0.01548878300183925
            ],
            [
                0.34879759398886606
            ],
            [
                -0.1714030443042224
            ]
        ],
        [
            [
                0.05348354134645987
            ],
            [
                -0.438250006019793
            ],
            [
                -0.006393493510509479
            ]
        ],
        [
            [
                0.3164613655096252
            ],
            [
                -0.5037245818654271
            ],
            [
                -0.08509662278658976
            ]
        ],
        [
            [
                -0.004534946433094998
            ],
            [
                0.27621487634657826
            ],
            [
                -0.11294287836571042
            ]
        ],
        [
            [
                0.34060054206261015
            ],
            [
                -0.7610109164508241
            ],
            [
                -0.06845524448613184
            ]
        ],
        [
            [
                -0.308944751724626
            ],
            [
                -0.5433455393651572
            ],
            [
                -0.013038934024935903
            ]
        ],
        [
            [
                -0.41629454273402244
            ],
            [
                0.5316480335724573
            ],
            [
                -0.06546006941017418
            ]
        ],
        [
            [
                0.37431040882338185
            ],
            [
                -0.22056086539346792
            ],
            [
                0.05784860415502875
            ]
        ],
        [
            [
                -0.16631523542050466
            ],
            [
                -0.21509310012042662
            ],
            [
                -0.02619693144685244
            ]
        ],
        [
            [
                -0.030907859515573934
            ],
            [
                0.22930777490333143
            ],
            [
                -0.11751908020234832
            ]
        ],
        [
            [
                -0.05482517327913844
            ],
            [
                0.360802668384215
            ],
            [
                0.012517127175430005
            ]
        ],
        [
            [
                0.06790703321816637
            ],
            [
                0.5230114067618311
            ],
            [
                -0.06515168051987691
            ]
        ],
        [
            [
                0.17028104068672398
            ],
            [
                0.8553822236007053
            ],
            [
                -0.23892005146288897
            ]
        ],
        [
            [
                -0.32837407245365957
            ],
            [
                -0.013053949346300504
            ],
            [
                0.04648163245333903
            ]
        ],
        [
            [
                -0.06425561638022213
            ],
            [
                0.3324598560348112
            ],
            [
                -0.035912828244007676
            ]
        ],
        [
            [
                -0.24036574697965404
            ],
            [
                -0.329763742112919
            ],
            [
                0.02472167816358028
            ]
        ],
        [
            [
                -0.5365479596814173
            ],
            [
                -0.17396465844720313
            ],
            [
                -0.10090045090074592
            ]
        ],
        [
            [
                0.03935318002314232
            ],
            [
                -0.3602260846069996
            ],
            [
                -0.027901410936303387
            ]
        ],
        [
            [
                0.2909046923841251
            ],
            [
                0.883273468317154
            ],
            [
                0.27787866309419057
            ]
        ],
        [
            [
                0.15448095515179586
            ],
            [
                0.6990828717216403
            ],
            [
                0.12946117454116224
            ]
        ],
        [
            [
                -0.132922001339338
            ],
            [
                0.24907593499704814
            ],
            [
                0.04160916048603084
            ]
        ],
        [
            [
                -0.03637075469504374
            ],
            [
                -0.7204119860950096
            ],
            [
                0.07438035680003838
            ]
        ],
        [
            [
                -0.3744766480275063
            ],
            [
                0.2630242901681604
            ],
            [
                -0.034385328690349
            ]
        ],
        [
            [
                0.133991637297918
            ],
            [
                0.34524331571610123
            ],
            [
                -0.00013321552119883228
            ]
        ],
        [
            [
                -0.0031554168126917237
            ],
            [
                -0.032236006235782926
            ],
            [
                0.00686452826126704
            ]
        ],
        [
            [
                0.026937781608151974
            ],
            [
                0.47796766689309644
            ],
            [
                0.019840626552030293
            ]
        ],
        [
            [
                0.05313422342869122
            ],
            [
                0.6351353729392236
            ],
            [
                -0.017676730499257484
            ]
        ],
        [
            [
                -0.03220186852585482
            ],
            [
                -0.22532696253774567
            ],
            [
                0.007485413705060626
            ]
        ],
        [
            [
                -0.19235101625713544
            ],
            [
                0.3749482717393591
            ],
            [
                0.07476006925104223
            ]
        ],
        [
            [
                -0.3553606493083286
            ],
            [
                -0.6855135738984569
            ],
            [
                -0.10261321863150395
            ]
        ],
        [
            [
                0.43370976624253577
            ],
            [
                0.1031060689649609
            ],
            [
                0.08950328769912114
            ]
        ]
    ],