{
    "mtx": [
        [
            7554.982485153065,
            0.0,
            2728.0092335552486
        ],
        [
            0.0,
            7590.540633901626,
            1373.4533273166592
        ],
        [
            0.0,
            0.0,
            1.0
        ]
    ],
    "dist": [
        [
            -0.2979938227230409,
            9.48251238325447,
            0.002448603181092387,
            0.01220511541332205,
            -85.80111801745771
        ]
    ],
    "rvecs": [
        [
            -0.019722116171114825,
            0.7962350976845771,
            0.44872953962293566
        ],
        [
            -0.04918467981307997,
            1.1117043374625524,
            -0.35857267661873893
        ],
        [
            -0.11765723087415553,
            0.7335831989371003,
            -0.3371502489136143
        ],
        [
            -0.01640161439481077,
            -0.8812286734709935,
            0.08070223156655205
        ],
        [
            0.2753074252534127,
            -0.7970481140508457,
            -0.09236616864812466
        ],
        [
            -0.061176200862200124,
            0.7513405855337919,
            -0.15250937028289496
        ],
        [
            0.2960648094333335,
            -0.9856964271648897,
            -0.06907843348512852
        ],
        [
            -0.2885967031899811,
            -0.8529982572488521,
            -0.00015732865618404827
        ],
        [
            -0.3889971233011425,
            0.6786433886689491,
            -0.07837509763543532
        ],
        [
            0.6010860607426127,
            -0.8640751912503384,
            0.029897825657233822
        ],
        [
            -0.576251365424105,
            0.11865370605712476,
            0.06967020264547585
        ],
        [
            -0.6874959737153695,
            0.6378747972231277,
            -0.2170181520120632
        ],
        [
            -0.37254098807707253,
            0.6907146984087741,
            0.25345696442109394
        ],
        [
            -0.0478356951098763,
            0.7980370888369978,
            0.14921631756565712
        ],
        [
            -0.0038496243576364685,
            0.9449873337348347,
            -0.32041397571357594
        ],
        [
            -0.26155164947211224,
            0.8093226963300514,
            0.029721106104246615
        ],
        [
            -0.25647015048150407,
            0.4021196197490227,
            -0.08294856634380242
        ],
        [
            -0.10183367765672785,
            -0.5991177484585156,
            0.05563675683402539
        ],
        [
            0.8586140314734291,
            -0.5118772990901097,
            -0.08196263311348906
        ],
        [
            0.30561832381971465,
            -0.9801347395037394,
            -0.03533755367470876
        ],
        [
            -0.17707014390965173,
            0.7338404724715926,
            0.49382204299347543
        ],
        [
            -0.21778416330495512,
            1.0187017260501499,
            0.15020300945928516
        ],
        [
            -0.5090089488460885,
            0.42282711299205006,
            -0.09293658323998889
        ],
        [
            0.2889943053884938,
            -0.8816629933057348,
            0.042697570319475485
        ],
        [
            -0.4532780435177596,
            0.380308240041373,
            0.050653665392613414
        ],
        [
            -0.11352094771997585,
            0.4142196325804762,
            -0.054213921345266015
        ],
        [
            0.5843981762331355,
            -0.4351024581556298,
            0.12447654140229954
        ],
        [
            -0.031000725528730715,
            0.567173028158708,
            0.045288422946662604
        ],
        [
            0.006578003498270355,
            0.7760599917305208,
            0.03670107499742023
        ],
        [
            0.24937166316214152,
            -0.8880386835478431,
            0.011561103405636871
        ],
        [
            -0.9165844667445453,
            0.34939840690042695,
            0.3879809663503245
        ],
        [
            -0.7504451116269588,
            0.07266955737237178,
            -0.09695200909387924
        ],
        [
            0.8886832665967487,
            -0.3691759282808725,
            -0.07357194723410176
        ]
    ],